{"clip": "train", "mvt_type": "dynamic", "position_keyframes": [{"t": 0, "dirty": false, "pos_2d": [0.6554959785522789, 0.5079491255961844]}, {"t": 79, "dirty": false, "pos_2d": [0.7699233119839273, 0.23636513031213605]}], "orientation_keyframes": [{"t": 0, "dirty": false, "rot_mat": [[0.9949904504072788, -0.06409455206907552, -0.07671956721322884], [0.01426452980239297, 0.8505977036511224, -0.5256235056891523], [0.09894709085080379, 0.5218960001173627, 0.8472508709193877]]}]}